"","Coefficient","StandardError","NA","NA","NA","NA","NA","NA","NA","NA","NA","NA","NA","NA","NA","NA","NA","NA","NA","NA","NA","NA","NA","NA"
"HighU",-5.03080655065464,0.0189785415734545,0.863048301406331,-0.01089559846759,0.610009089363965,0.174550988779859,0.0221861506356945,1.49387177419577,-0.341588445712932,-0.172702820907482,0.866311847293985,-2.33035969610829,1.16489508922771,0.0153408684808172,0.281630490100476,0.0877707661037666,0.236419410671403,0.121168314917388,0.11207883366397,0.54002912357576,0.285259725240707,0.31450064567131,0.494220879776215,0.637703254859633
"LowJ",-3.62688309135373,0.00507923619067789,0.772126242239768,-0.0608574139287296,0.330134720141195,0.209885656727521,-0.0249744019331783,0.682048150738686,-0.0549266611677796,0.0401833274229833,0.443415564864669,-1.01349843483046,1.22599756430468,0.0169948087827925,0.306760944513089,0.0952607957030679,0.251282911682787,0.132710989807777,0.120266915804259,0.588356700306373,0.307298807078447,0.347324346002494,0.505774632989192,0.684061664013858
"LowU",-4.09005340646302,0.0164558373533718,1.08526296848658,0.091433045319583,0.534637857018442,0.122551109392748,-0.352386729184702,-0.52108494671417,0.210582872229424,1.02865518112584,-1.54634876395889,0.133257018720427,2.0456545129803,0.0281917906183937,0.565103280618963,0.153234580297338,0.462718419019173,0.218405950991006,0.205827320203769,0.760556660229349,0.528815791910439,0.691018471361715,0.693974191233784,1.09673050617296
