"","Coefficient","StandardError","NA","NA","NA","NA","NA","NA","NA","NA","NA","NA","NA","NA","NA","NA","NA","NA","NA","NA","NA","NA","NA","NA"
"HighU",-4.50982125615498,0.0189837826836964,-0.8630866760909,-0.0108856448152923,0.610111444411122,0.174550554934716,0.0221941812974555,1.49391952247387,0.341452684271312,-0.17272882745684,0.866307620578607,-2.33035533296945,1.15204704406582,0.0153409762056197,0.281632794100813,0.0877710725953848,0.236423037787789,0.121168598904554,0.112079537606205,0.54003302878937,0.285258828702184,0.314503312572643,0.494225226191682,0.637707164183224
"LowJ",-2.91013879579922,0.00508183648953606,-0.772117671567393,-0.0608521847471814,0.330207222358899,0.209873895989289,-0.0249599310443061,0.682251683286391,0.0548959281423954,0.0401496014674473,0.443515581798734,-1.01370724911721,1.21482159910744,0.016995039933803,0.306764066871226,0.0952618445620601,0.251287131064038,0.13271207920576,0.12026798447396,0.588367201020742,0.307301500105538,0.347326743190874,0.505793211095956,0.68407271611291
"LowU",-2.79586389870131,0.0164756884125475,-1.08510122901484,0.0914822786305691,0.534846389264716,0.122525720797614,-0.352319678331068,-0.520973259968231,-0.210494776734347,1.02833545874221,-1.54640538033157,0.133056328575114,2.0139103969456,0.0281921773775069,0.565116650028768,0.153242103717768,0.462743052127115,0.218412311838275,0.205841868087101,0.760562726894937,0.5288340802729,0.691033055694774,0.693998680008399,1.09678635255819
