"","Coefficient","StandardError","NA","NA","NA","NA","NA","NA","NA","NA","NA","NA","NA","NA","NA","NA","NA","NA","NA","NA","NA","NA"
"HighU",-4.05203756670381,0.0183825819188496,0.877994667049162,-0.0147855829271506,0.567755082421423,0.198824143072689,0.0146489211491398,0.127830565274341,-0.297918751094408,-0.254929495237491,-0.394488945945774,1.06560040388455,0.0151028209830233,0.276136820750075,0.0845430664996718,0.23041003374838,0.119097379023956,0.11028974214085,0.268541195581238,0.279159511287496,0.30977173352995,0.2933989881594
"LowJ",-3.23303611404012,0.00493058551808084,0.778742710558358,-0.0672703782861932,0.315132930423517,0.216590320983077,-0.0287940926380685,0.0625667829758075,-0.0308486878603034,0.00767048551381389,-0.0736832945243263,1.16253145368546,0.0169769995981544,0.306079251543172,0.0946787663507342,0.25062145884124,0.132404099334122,0.120035046024568,0.298013601474765,0.305917501349442,0.346337044319673,0.340395062791098
"LowU",-4.70466498901257,0.0177423764505678,1.08054828741852,0.083912917772249,0.53994521680011,0.126103029041621,-0.342775285534847,0.643191191436829,0.204050710241986,1.02114124944448,-1.57947575871511,1.98624837115332,0.0282035637548654,0.563705210471552,0.155020307662367,0.462397024345488,0.217743548797951,0.20419355320912,0.544091594188085,0.526674626678736,0.687596684594174,0.546457959710106
